,0,1
0,-2.2854116931065303,-38.13374609542225
1,-1.8605589420529007,-38.02248657314051
2,-1.3758118241075505,-37.814428300736985
3,-0.8230020505646203,-37.597302165659066
4,-0.2646102400740075,-37.299611425044844
5,0.6440309375974663,-36.90142840968995
6,1.2758594709475808,-36.46682445009032
7,1.9768981731124382,-35.9337125227408
8,2.7301422889398124,-35.24219719119487
9,3.345331738776777,-34.58672547383373
10,3.95866039700097,-33.94276878835361
11,5.302438665695438,-32.43889995491587
12,6.140620329981179,-31.40116483387052
13,6.880974641590254,-30.468245017416457
14,7.426707800584446,-29.73601707386604
15,8.185464417168586,-28.700399216692368
16,8.840522578448903,-27.957876818410284
17,26.866895562031203,-11.281245474234495
18,27.47634814164713,-10.14351064004844
19,27.983392869948155,-9.268553007501428
20,28.88407227241046,-7.637908070545378
21,29.69327273616476,-6.3346253779985995
22,30.32383945281765,-5.360392075334746
23,30.910155670910612,-4.191917500905389
24,31.329942185348656,-2.911378291243905
25,31.474682652242663,-1.8553817267472503
26,31.90916303809964,0.7356412956009019
27,31.394506983876866,3.700370574093274
28,31.214670522802685,4.293907366862537
29,30.601452897646997,6.454811704577137
30,-3.587482571181538,-36.1965265339603
31,-3.2080674538943845,-36.16012183551559
32,-2.902509090938366,-35.87505474514073
33,-1.9430136176721196,-35.90074372807146
34,-1.4650100718122048,-35.538946626861346
35,-0.4898011181721735,-35.122857813686394
36,0.45370234607893184,-34.65251183557915
37,1.1699754240438134,-34.15063019312581
38,2.036344253602899,-33.8074736691257
39,2.9311343408849213,-32.71900657596211
40,3.5660870377764082,-32.219525066769634
41,4.290368490486472,-31.476460999829776
42,5.571280270714636,-30.450673929745005
43,6.229313837032799,-29.654019545588643
44,6.880726822296637,-29.00102367047814
45,7.601847177532989,-28.04865497252972
46,8.494016840250532,-27.123240788730698
47,26.27952930302718,-10.886127073789666
48,26.940384331070284,-9.704499830395356
49,27.63116926653704,-8.656599776581595
50,28.48350255640854,-7.184609221033782
51,29.463147291541233,-5.285725359720861
52,30.068924416294085,-3.7784327932118207
53,30.41104462339154,-2.881237393008156
54,30.780892124134667,-1.946285287299073
55,31.12677401753559,-0.8576231518450579
56,31.604763772384533,2.2981249490673723
57,31.51185573356389,3.0907286890174777
58,30.97177014657868,5.302839815862146
59,30.69135532959424,6.170180667779559
60,-3.050212955985051,-37.32088037528788
61,-2.696334996763876,-37.182778945936576
62,-2.18818907850153,-36.926549579277506
63,-1.5542159290860225,-36.66483089814186
64,-0.9911876218908583,-36.20550502727502
65,-0.3901855220585676,-35.798596378113245
66,0.27155935450892377,-35.485132837490966
67,1.3493956498935773,-34.882672452657175
68,2.047400950360809,-34.273770024799404
69,2.7899149324803645,-33.7543918646691
70,3.6465554539951137,-33.10954891251758
71,4.636957753626394,-32.024567316780306
72,5.527563274490804,-30.68568191153267
73,6.092584872100272,-29.8496553655628
74,6.604102017313377,-29.017509741726172
75,7.452589915021173,-28.158853877859617
76,8.355468894793628,-27.323710680385922
77,26.088151441658223,-11.213197698028544
78,26.712311386028468,-10.170282870460502
79,27.29404166213587,-9.142772885518868
80,28.094324202495255,-7.984918380432077
81,29.168031330251697,-6.0836754189771876
82,29.87328449745456,-4.852445490704243
83,30.35698076373505,-4.213365185727101
84,31.083913484202665,-3.101279270614608
85,31.71897419317616,-1.1981606922960555
86,31.836831140905982,0.06949602603594542
87,31.846871533634395,3.8116347967886344
88,31.76956475409661,4.2676841783149815
89,30.58493802297038,6.879127196862386
90,16.45311618011791,-23.82380219383567
91,16.525632159509986,-23.69872365391279
92,16.63095021688587,-23.524255444659513
93,16.78090042058078,-23.214196018801022
94,16.982648618627426,-22.99064278354484
95,17.18312763643596,-22.597050034970987
96,17.26861532329815,-22.31014225941262
97,17.44530482828584,-21.864860203828165
98,17.557416235040993,-21.56631457324654
99,17.476135775223366,-21.214475909932084
100,17.765503934081636,-21.017607605207044
101,17.947267699120964,-20.596690118595678
102,18.103476410484323,-20.127236041728832
103,18.272656043930496,-19.821504938981544
104,18.448796053662814,-19.45258684164684
105,18.670677753850004,-19.02700409876801
106,18.921542560897198,-18.585081259559136
107,19.36451120064587,-17.858365001920998
108,19.57425897182484,-17.46574006891575
109,19.809091931873702,-17.12053323991835
110,20.121013308714684,-16.700733092660744
111,20.472723147409717,-16.20499784361382
112,20.695843379316518,-15.98149142639558
113,20.958397846081986,-15.676752332051702
114,21.17280410932296,-15.499158973288473
115,21.497530917176558,-15.244730475623818
116,21.81418620733181,-15.056970291586158
117,22.388204590267016,-14.724399159084134
118,22.83616645508007,-14.511882034303078
119,22.956563320317212,-14.446815306498133
120,-4.51646092083109,-32.90754873338501
121,-4.22570618370158,-33.30304639706191
122,-3.9422535003519967,-33.20970384745817
123,-3.3184990960623977,-33.07080634428292
124,-2.7737881817892576,-32.88986253219981
125,-2.348706020794551,-32.75622341594988
126,-2.022294226137994,-32.60303341406244
127,1.6134283309114084,-31.91732754496622
128,1.943493189214097,-31.698060914874986
129,2.6631454447361933,-31.12222081699906
130,3.204947889953326,-30.646378414171206
131,4.189196507570881,-29.68222772919968
132,4.96882735249468,-28.804753605197373
133,6.127603756785932,-27.46210593719711
134,6.6735407765953125,-26.873578690769058
135,7.404560648254862,-26.15102328703963
136,8.026754768320982,-25.53503413666605
137,25.45768233351993,-9.538321637529302
138,26.24091829401216,-6.916545834047665
139,26.42860858722249,-6.232911683657945
140,26.807671240824874,-5.189368668852042
141,28.456463598682156,-0.9159960367315906
142,28.56412099058514,-0.389918057953485
143,28.555406245062567,0.040494849900467145
144,28.831077315474893,1.2386682988281539
145,29.037002234849137,2.099991027126205
146,32.51044427202836,7.955285261496265
147,31.960443569924376,9.812946043681041
148,31.914432003365654,10.086856812559372
149,31.843375167306224,10.656329184554748
150,-4.094040522785311,-31.47061782754781
151,-3.90369595805699,-31.286725421581767
152,-3.640238717812631,-31.12200136910721
153,-2.9830114156269527,-31.03780718176563
154,-2.596237493809994,-30.887623551242335
155,-2.1463236248637707,-30.458711886817742
156,-1.7325263221893887,-29.881887758276285
157,-0.4259552178547124,-29.51882296011302
158,0.0009078258820197567,-29.119573818031608
159,0.5637220303818782,-28.724208041226337
160,1.1413138053766865,-28.21515112477454
161,2.0316740692013786,-27.407961508357452
162,2.8995572866334998,-26.69293812885577
163,3.6873881585655193,-25.804893772834138
164,4.179395981270245,-25.36645157506014
165,4.766366895538013,-24.731945929102807
166,5.358021770105738,-24.084884608924853
167,24.145689469828607,-10.01530886004645
168,24.526565166233617,-9.197717871119712
169,24.99878215631869,-8.388984274793062
170,25.43148288247261,-7.5501501513412945
171,27.61342985914031,-4.255060618922632
172,27.984946245248047,-3.5881915766538066
173,28.261847094271175,-3.08338108516752
174,28.680868152288603,-2.287574390076658
175,30.008894752884096,0.35639769472986366
176,30.242108762992473,0.9797584349854382
177,32.26719257399981,6.288206816499071
178,32.190033173698694,6.528660787506851
179,30.735882076884707,9.616258875727832
180,-3.417099332537738,-27.488722741758057
181,-3.301420476462844,-27.532238140622614
182,-3.219432717241257,-27.326123947962518
183,-3.3943042501987395,-26.529290136140858
184,-2.919896373059603,-27.049121205074645
185,-2.1346050066565163,-27.216378494495025
186,-1.6676129541091511,-27.204969810459765
187,-1.245397863666656,-27.208162781448433
188,-1.0947239423531097,-26.618795637478634
189,-0.9174150402715487,-26.328592380965105
190,-0.5521013033633263,-26.195993864641352
191,1.3166179123767243,-25.912650884591596
192,1.8494880401126228,-25.725800034068964
193,2.6844532365317924,-25.52250288381088
194,5.7087053956095,-25.05511988717537
195,6.2817590750659145,-24.701013878734532
196,6.808819931772316,-24.314716318878915
197,23.45424392749953,-8.720254766771228
198,23.863920645025306,-8.00542907916072
199,24.19469131747529,-7.529843974134687
200,25.823187658808614,-5.4203393714155474
201,26.913719157285005,-2.6373806194220943
202,27.2344590504861,-1.8442785311487215
203,27.597556584449784,-0.9449278820511674
204,27.7067513929673,-0.18089369252485826
205,28.205877036421917,1.3070452367090113
206,28.656765046454247,2.406455444067189
207,32.005264009564335,8.138112572814654
208,31.999399739820543,8.297150894892779
209,31.661826694974717,10.479598743304742
210,-10.083298421045766,-32.763745691465694
211,-9.843354322911141,-32.38649095260264
212,-9.399159969305597,-32.272621504183526
213,-8.948345358960829,-32.004396351761706
214,-8.511087797970866,-31.685541212631644
215,-8.084723480765843,-31.256426479056806
216,-7.260124019753598,-30.379643694325583
217,-6.81778245787447,-30.117446582155242
218,-6.48602390340903,-29.918828079905502
219,8.795286450642164,-19.795587095604528
220,9.048471598909028,-19.313230242155857
221,9.305100145276803,-18.64267316325859
222,9.547516932611117,-17.971281580989682
223,9.733086750567491,-17.348187293556048
224,9.952065168997246,-16.819700166157997
225,10.575029534790545,-15.573734503963758
226,11.005376467830521,-14.948410013366525
227,13.186468728382753,-12.74487396663514
228,14.058045077851594,-11.969304256981424
229,14.64175016926076,-11.46747110501562
230,19.308725317021864,-6.640167362501186
231,20.075095312502672,-5.971717500824128
232,20.499102759221458,-5.477879587554601
233,21.265378095501084,-4.774348657144123
234,21.79425899124933,-4.248901741216796
235,22.435574094078426,-3.450907732173551
236,23.269453327939452,-2.2656225083784434
237,23.782082578121013,-1.5577371154069888
238,24.303209733290014,-0.3665957991071974
239,24.539193991961657,0.08037484440843101
240,-11.526191051081954,-31.622036315048785
241,-11.319106544966223,-31.465850458247903
242,-10.876037165879566,-31.072828908506924
243,-10.430404966351121,-30.726843308943618
244,-9.846825226054351,-30.318685194458357
245,-9.209013938629482,-29.884943995895153
246,-8.560401469956467,-29.442050558590235
247,-7.813010949770504,-28.894763013469944
248,-7.127963807117442,-28.421944792152228
249,-6.553291735786349,-28.021220917626103
250,-6.16618201551443,-27.686186645113615
251,3.741653202341042,-20.88383769705541
252,4.1184453154519085,-20.401552142099483
253,4.503352889583662,-19.815081524877275
254,4.79677656676259,-19.312399980296863
255,5.877374029423102,-17.130603016007292
256,6.149907741049,-16.583071129034852
257,11.417551148380277,-9.786274266221211
258,12.096805978499876,-9.088381707260462
259,12.710374747328258,-8.615492427058616
260,16.629768857420164,-3.833701026637205
261,17.7958529232135,-2.9019824958661187
262,18.261644609331256,-2.4762735249520444
263,19.212044979949525,-1.6959802695594244
264,19.89371358827402,-1.2454680516239829
265,20.462473878747762,-0.9279681380936534
266,26.413279858292867,3.9436608027890254
267,27.837504462153557,5.127809912443017
268,28.079711849182825,5.465198349756105
269,28.988604368423676,7.235028189163118
270,-14.980252378907645,-27.805288377983914
271,-14.707063493805514,-27.76517568457275
272,-14.228653019908478,-27.533594624977248
273,-13.698816660972676,-27.299471699167334
274,-12.98722503687382,-26.96810395841955
275,-11.567538238384449,-26.262930838874844
276,-10.648947107187642,-25.77672327227192
277,-9.669689172228399,-25.259600267376836
278,-8.980129501424482,-24.956157562710047
279,-6.035595009134095,-24.103871396358098
280,-5.637243611599725,-23.871046981550588
281,-4.859129188493015,-23.50616149119302
282,1.4589517082841839,-18.939072544224587
283,1.87699869517276,-18.49211721260468
284,2.3189560761906094,-18.03307229397853
285,3.2727331680596974,-16.994461236148712
286,3.8664392779358487,-16.478891032532726
287,13.30257896850871,-7.121439637971454
288,13.580792687820532,-6.560831772173049
289,14.133063463392986,-5.7080192529946645
290,14.467268059411591,-5.177392330280165
291,20.951925587681178,1.1690348842192648
292,21.234073288067897,1.6065049797547915
293,21.73589278014102,2.2693182796271403
294,22.10715040936354,2.7743626214146397
295,23.86586941419695,4.89088211933977
296,24.4531379978163,5.694870505294267
297,27.673926860561874,8.496113231595515
298,27.92586996119491,8.735212731064356
299,29.087349810164497,11.440529120738466
300,12.689588349370394,-24.0733795675144
301,12.660744467146218,-23.896384308075234
302,12.606497995052319,-23.632545852205045
303,12.504101743597626,-23.2030897197923
304,12.408733378831128,-22.83927073660362
305,12.21155768496861,-22.14214229167335
306,12.09603462694789,-21.735663187180613
307,11.903068543628146,-21.085304479704256
308,11.784867994360846,-20.64008939730608
309,11.687676785354727,-20.203904447888263
310,11.610533940398357,-19.66450536711584
311,11.558806248760632,-18.8560564472109
312,11.554400821002481,-18.106932936663743
313,11.595887730782165,-17.458118609919108
314,11.716706798432112,-16.84403121500068
315,11.917235896392233,-15.975610068154337
316,12.346665246902907,-14.89646747069393
317,13.265682092521434,-13.534674453381445
318,14.130720663651555,-12.641931744889144
319,14.704694454830056,-12.036162262354582
320,15.318168568566401,-11.14714896037444
321,19.407866854260767,-5.940476104248683
322,19.787383616600373,-5.396947490401206
323,20.539105086105817,-4.694200740173949
324,21.201555504772465,-4.015421351097329
325,21.845191117111757,-3.3625792773910517
326,22.550589895852344,-2.6526618567969695
327,23.455347842877444,-1.1410687024677393
328,23.635654556632662,-0.9027871284702681
329,24.228145326389978,-0.03463642686260012
330,-12.859341894727066,-29.777464027520118
331,-12.58111844752322,-29.593543338101398
332,-12.112346774117585,-29.260845931604248
333,-11.450399292423768,-28.832587352847675
334,-10.82111940126879,-28.43452861879331
335,-10.094263324640238,-28.017678326817187
336,-9.345940907976138,-27.577114499245763
337,-8.672520178595502,-27.166585457577444
338,-8.08398592260675,-26.765638164335897
339,-2.6944693900191177,-22.260104186887244
340,-2.1378479698035195,-21.912346614699132
341,-1.4665395475824972,-21.51884356701354
342,-0.747129812903751,-21.10583917902499
343,-0.2979817815822629,-20.789401730941304
344,-0.072341111890956,-20.584951991289465
345,5.618464981269267,-15.144391557095053
346,5.894794007474656,-14.80551503721949
347,10.590049656700977,-9.271535767063344
348,11.241083063829658,-8.528663969863127
349,11.890486366877678,-8.011261659393451
350,15.50998697951763,-3.8666855959149293
351,16.952467945818732,-2.5481827514553044
352,17.6233135685936,-2.0093039999314937
353,18.366495188655744,-1.4234647252471233
354,19.210116079743443,-0.9012974052427525
355,19.971244107151474,-0.535710329021001
356,25.704157932016532,3.788900656413294
357,27.00337048509847,5.082166359707287
358,27.305751592630283,5.44906587164162
359,28.306199006550052,7.060389018985394
360,-16.684393051516217,-25.580619868313725
361,-15.974994150818329,-25.712800754771234
362,-15.320357189518779,-25.124376337708362
363,-14.132194276824206,-25.28330221022797
364,-13.328500314860497,-24.830093485680308
365,-11.847795955742642,-24.516880880053698
366,-10.938723943185968,-24.13215078408018
367,-9.50407811120659,-23.442934024376036
368,-8.657807927332355,-23.120716767953752
369,-7.637214998775567,-22.701788242313523
370,-6.464904344848169,-22.194917104450838
371,-5.38347127415537,-21.757087687578053
372,0.3591495216058833,-17.335922033044614
373,1.0658108783108404,-16.653783575237476
374,1.7875107845069889,-16.036745413923818
375,3.0661574416645343,-14.899098929798791
376,4.028651332441013,-13.770633163510695
377,10.698259509905657,-6.95597303544478
378,11.818611192264253,-5.688250280330754
379,13.374627982350715,-4.53991305183908
380,14.208149464409946,-3.3952401601426687
381,19.31060945871549,1.5868162728454418
382,19.849954489101986,2.388751611225803
383,20.760421004577747,3.283491782724776
384,22.231412277413487,4.687235157546206
385,23.012785584922312,5.514799000994011
386,25.041302871502122,7.865688845205237
387,26.983384440534643,9.336019630988577
388,27.49829538684481,9.829150559465504
389,28.65787205527726,12.395377270411489
390,-16.784967082847093,-25.348036187510072
391,-16.074534685687052,-25.404523567987397
392,-15.15360288831812,-25.532661965021585
393,-14.03865747744512,-25.53964514538061
394,-13.121229196096511,-25.288699707491954
395,-12.139527771907,-24.885143231590927
396,-11.170820817282904,-24.306739630967527
397,-9.742215964947661,-23.183955170801347
398,-8.586444988468127,-23.052091378563745
399,-7.568591536830019,-22.552793104065252
400,-6.466652267412816,-22.102909491954726
401,-5.366545634037563,-21.712927688543985
402,0.2765104743032945,-17.164197141108627
403,0.8501424152194581,-16.539405679663087
404,1.7707186837924052,-15.830775817079902
405,2.9327903722743347,-14.835920901818168
406,4.032224400436843,-13.650605945228415
407,10.683058143295094,-6.806354346625417
408,11.84553728944004,-5.554602827203342
409,12.605711849127943,-4.6666418214719005
410,13.753799793498274,-3.2549484836099154
411,18.97673045652326,1.6913416446694354
412,19.769217284701227,2.674526147233975
413,20.6829183642507,3.561775245878821
414,22.13481369638616,4.778386649809295
415,23.078517201137643,5.76406308787968
416,24.944135891413794,7.872046485435487
417,27.01071405267943,9.418110819496471
418,27.430830943788106,9.73025025915126
419,28.668593576126195,12.398460837797472
420,-17.008581938955054,-24.386309253455334
421,-16.438916545382416,-24.033893598133364
422,-15.722652596339339,-23.65011207754441
423,-14.797835566874543,-23.286582971629766
424,-13.924831729826982,-23.09362731631775
425,-13.040911223382787,-22.931511230093207
426,-12.395211591444742,-22.768095636544768
427,-6.199047569484515,-19.736948833258786
428,-5.753799519546754,-19.66925079437077
429,-5.0046300267705615,-19.656706017622124
430,-3.769561273120737,-19.70234126146068
431,-3.3187781136829266,-19.597913698579976
432,-2.832341177479638,-19.372850435922683
433,-2.4107368073062707,-19.147392341085688
434,-2.1538383857387675,-18.99855439110138
435,-1.8327475202484638,-18.81416600733975
436,6.479579244399404,-10.917462461845098
437,6.929169312592995,-10.457229169953262
438,7.404803883475714,-9.957953856623481
439,7.694973547546844,-9.64657192229239
440,8.140374931398384,-9.1648309535041
441,15.17855993653308,-1.0901135724880164
442,15.483672467745288,-0.8141335632321152
443,15.968184833328051,-0.43048261587597053
444,16.48880692011982,-0.10910602039550564
445,16.958940497880803,0.1374902406543838
446,17.310998850748927,0.30219364189232695
447,26.104540473413202,6.443804829394196
448,26.248267324306042,6.5497726695992355
449,26.76776333522079,7.011128945659909
450,-17.24462066797766,-23.674536234472974
451,-16.844213182470313,-23.359351575173886
452,-16.226587244353876,-22.916651040436392
453,-15.436476647272286,-22.275758045577376
454,-14.701664724099256,-21.5760288910804
455,-13.460220154241075,-20.7209834913522
456,-12.4529263678109,-20.29095528911611
457,-10.751424034156646,-19.805490760328606
458,-9.511319869865043,-19.249787327498346
459,-8.672418167965416,-18.89050654608621
460,-8.03250100209766,-18.626026377208756
461,-3.678231806167852,-16.32818356881221
462,-2.3505125332543613,-15.382229500718315
463,-1.0059220004134855,-14.591261174473082
464,-0.09702267890215492,-14.053640205641178
465,1.6216678969110618,-13.098257340857113
466,2.963333754193333,-12.284471531312676
467,9.230016329143952,-6.7768076558408055
468,10.71113509275848,-4.875706765175715
469,11.50583411458628,-3.9135328866298935
470,13.78165551808389,-2.104305118215369
471,16.82822831638058,1.7778390988660882
472,18.41489746984103,3.36879937956196
473,18.75768057946767,3.677971311429834
474,21.249356213058554,6.000931361681331
475,21.7886262630322,6.3634210664788435
476,23.312495893704625,7.406645373654918
477,26.052361299854184,10.137083615713783
478,26.331497519762934,10.377349293075529
479,27.954144898065902,13.069194232764747
480,-18.944432132851098,-24.23262089158056
481,-18.86138732713736,-24.063163081036787
482,-18.698413504481888,-23.842318738970746
483,-13.748836135952155,-22.140026737941447
484,-13.095012057721743,-21.93745630512307
485,-12.023009119134143,-21.709255100951257
486,-11.356970675463863,-21.56280274847111
487,-10.004394778886633,-21.205993373208415
488,-9.208144437051862,-20.90892402854092
489,-8.492098456532275,-20.62201758094723
490,-7.968973099042725,-20.418320450498886
491,-2.034726962611966,-16.677906978206643
492,-1.1825154049287037,-16.163435385997897
493,-0.2994831215520532,-15.548704258105623
494,0.428031013270325,-15.029342043551758
495,1.5258172576818338,-14.243196962167533
496,2.6703842124250463,-13.416126462311423
497,9.84881481569708,-6.229468678135055
498,10.681364245675626,-5.556022341349025
499,12.22793076333076,-3.7269659483871505
500,12.843917087531683,-3.029703280196775
501,18.010599599163072,2.125038825180956
502,18.255792055005593,2.2746536083343427
503,20.472624246601534,4.499957650840915
504,20.898361970055653,4.941355378952036
505,22.69535413724167,6.500140062132678
506,25.389686451250597,8.87808095712653
507,27.28097012347356,11.029572517573566
508,27.68553342497778,11.839679524771963
509,28.45656060602059,13.530355179835194
510,-17.702846086903726,-22.454250393355185
511,-17.264541610451314,-22.16346515250716
512,-16.652540094880138,-21.7385286045125
513,-15.89533924656468,-21.16747323007938
514,-14.940403550689895,-20.5308354942303
515,-13.912067129212716,-19.908560752135667
516,-12.734318327122057,-19.260441012998964
517,-11.274535235195334,-18.45648813527694
518,-9.74740031895851,-17.76342034462609
519,-8.539725934887372,-17.335805534858775
520,-7.617396263664356,-16.985246868367412
521,-4.542262504561877,-15.408641702906852
522,-3.678084725587189,-14.901667469946528
523,-1.526661338619918,-13.512302137306024
524,-0.7505210160697525,-13.00613358904037
525,0.9626932088484558,-12.052293282374942
526,2.511390927678851,-10.995155898449815
527,8.478579622237174,-5.488628703157068
528,9.712384589136025,-4.2535745894509045
529,10.389569280416103,-3.370984339075737
530,12.442933815160108,-0.7389748125831914
531,14.312245027450356,1.8143301455451777
532,16.81316194429818,4.526351771580387
533,17.213571201727778,5.200846530508021
534,17.67939681973122,5.938770002393085
535,19.351903927429714,7.894513407717954
536,20.36188672525606,8.565503595506785
537,23.78409006831523,11.457841146657504
538,24.258503974193236,11.886341261970337
539,25.470135731427494,13.707937593175894
540,-18.035517931303733,-18.425238180218823
541,-17.680957110185286,-18.313405315855118
542,-17.131219948085135,-18.1270605172289
543,-16.24561711291152,-17.967407644009416
544,-15.369500455234027,-17.768419970408996
545,-14.050877903410505,-17.247538217364337
546,-13.340639088016292,-16.968613965110396
547,-10.064259749521169,-16.273976563425574
548,-9.358918611689516,-15.925824318557718
549,-8.303101533071356,-15.331432510564678
550,-7.657953340079025,-14.96142680404191
551,-5.128389934883592,-13.59288947166846
552,-4.298944029258168,-13.17749057825861
553,-1.2425610839753827,-11.611741215288063
554,-0.6559138397673836,-11.356687966892581
555,0.9037127918055026,-10.490048999347547
556,2.473662104169853,-9.639671792100476
557,8.280206068244564,-4.745574055068554
558,9.524703224769555,-3.599728977775292
559,11.717213247383745,-0.8410518339172186
560,13.530641947818225,1.4114154987427765
561,16.114981184625044,5.122277649830529
562,16.43338007542781,5.5694281281540565
563,18.03568398668404,6.926051361376366
564,18.756597420778558,7.700953684988849
565,20.54819458783069,8.963981658843164
566,23.36627223819832,11.86470568399317
567,23.923547615588976,12.249466544310998
568,25.178638721766077,13.487149749011278
569,25.275205192975854,14.164541005618904
570,-16.077339508350086,-14.797750057890408
571,-15.837865236052293,-14.690657591364102
572,-15.396141435031081,-14.482510427174343
573,-14.916572491609971,-14.268738031883137
574,-14.395570676657577,-14.031195884559622
575,-13.727050352081841,-13.713264705505562
576,-13.10919592248747,-13.422397820793227
577,-12.305705967283545,-13.028138781468494
578,-11.358909418445045,-12.554656559080142
579,-10.740832384318779,-12.232473125609586
580,-10.093625343692624,-11.854407543765992
581,-9.189426652206514,-11.331773738756581
582,-8.528882440915394,-10.934704967533596
583,-8.012411843175702,-10.627043339556112
584,-7.687960461123426,-10.435924852133706
585,3.9431808882871966,-7.89773809341877
586,4.403531900797556,-7.630389654980015
587,5.369567943323313,-6.950709050264492
588,6.004956299243858,-6.469104621703128
589,6.2451262604240885,-6.2441867990212705
590,12.658049902920514,4.008217332556836
591,13.243055414100285,4.740032671301063
592,13.64497220690326,5.203170111808705
593,14.098595279394583,5.693947001112701
594,14.540408717532603,6.159498982794485
595,18.888300650883856,9.401473913750067
596,20.253603151598607,10.241294020937168
597,21.384670144359557,10.963526353285843
598,21.575835908497858,11.103165703813916
599,24.4772540504908,13.516025949503721
600,-18.462536149647892,-20.807180806638975
601,-18.17056139114042,-20.525155202319674
602,-17.551437273971974,-20.306753439045153
603,-16.67329080814825,-19.97578669548042
604,-15.573640505308646,-19.471797439291716
605,-14.321462253761638,-18.857846667601844
606,-13.559626978756974,-18.47286457877519
607,-11.578547706770477,-16.93029497333817
608,-10.985317019643414,-16.67573142054905
609,-7.694793567710607,-13.416550769438109
610,-7.004396092373491,-13.119832974759493
611,-5.83554414593467,-12.41275769796114
612,-3.870974200804717,-11.495297873909946
613,-2.673365345699827,-11.183410308952652
614,-1.6060183764745177,-10.849615581060114
615,0.394476275331017,-9.967230800497452
616,1.741617023636728,-9.533803948965343
617,7.73898612543036,-4.18055731851945
618,9.087687507798345,-3.0051443817433667
619,10.313371551041078,-1.8087743559593046
620,12.589787755985931,1.076269682985801
621,15.900089145857098,3.705401935125999
622,16.05082638534828,4.000488423425647
623,19.110242017674214,6.274467808616494
624,19.304860850297917,6.495733608305772
625,24.042871007013524,9.72476891468228
626,24.508073806785262,10.29338155222625
627,25.94069506063984,12.089903073671449
628,26.719720349703046,13.302723843894235
629,26.833469135474576,14.146462992081503
630,-27.523436103279273,-6.1552658210571245
631,-27.312977532659048,-6.090319231936461
632,-26.88611911365048,-6.008894995217879
633,-26.229763643211427,-5.816157737999493
634,-25.6824446943615,-5.618975236275553
635,-25.056242167182482,-5.382194612412488
636,-24.43368952009789,-5.118088558687113
637,-23.753604108597692,-4.802974735440178
638,-22.214111683188765,-4.125652760750899
639,-21.570556004821842,-4.023140050468071
640,-21.076303181391808,-3.9858087137463816
641,-5.174444422853117,-10.140150634203527
642,-4.441824644656591,-9.967436869950745
643,-3.3971791445053268,-9.722863705492799
644,-2.524211090226418,-9.419840762231699
645,-1.0672811866440586,-8.862419580715839
646,0.03210845616407489,-8.295493449745837
647,6.463306138297249,-2.8613552279062
648,7.541534534855688,-2.0142414162686633
649,8.48796830384177,-1.1577313494181016
650,9.36518282873205,-0.07932924901194466
651,12.688495276638372,12.477323178429629
652,12.985225542958103,12.904223569132125
653,13.688571776944459,13.810856979192684
654,14.682305270576563,14.850061818246944
655,15.942403049962826,15.783769327029173
656,16.595649337099207,16.150543633246564
657,20.45412247888863,17.16969732194642
658,20.600355189024572,17.189563552152553
659,27.898025206861597,14.574566161487315
660,-18.7220734798905,-17.43138477908929
661,-18.45217463377583,-17.271106660211142
662,-18.02158320405314,-17.069456965750355
663,-17.153790261926613,-16.77787673790365
664,-16.532321956805934,-16.685736502547254
665,-15.726781640373773,-16.60640458847803
666,-15.169848882584127,-16.517049485129736
667,-11.327822273690572,-15.580492542870534
668,-10.567162255758456,-15.240942186729068
669,-9.910516783774822,-14.924165774473446
670,-9.092944020549442,-14.591793887214251
671,-6.023878007747667,-14.2959872329004
672,-3.5988328477077456,-13.024551637231982
673,-2.9403486334316984,-12.76234226785918
674,-2.240652015138662,-12.463598261766434
675,0.2143086830524021,-11.329907359023213
676,1.5889650284570918,-10.663177577696318
677,7.183287867448855,-4.876615676875043
678,8.452429334235704,-3.659454795390112
679,9.414868890594907,-2.671570058027552
680,10.751694735215215,-1.2609980068738609
681,13.229007852154608,2.1261552962668557
682,14.616375898855356,3.4849608972750006
683,15.352996213754972,4.624163945553936
684,16.523964432452154,6.716090511162897
685,17.070680891188374,7.414762069427027
686,17.745281760823516,8.124871045397292
687,22.242696249077436,9.899924695987231
688,22.418691978276698,10.06141968182483
689,24.89714718098027,12.160753270021086
690,-28.694206819519128,-3.2215507491170747
691,-28.209569302553454,-3.050857711108922
692,-27.62498984330603,-3.0582937130109804
693,-26.93023102836338,-2.8879776741913283
694,-26.19740058079146,-2.8030103386811827
695,-25.158903036352598,-2.697078974491027
696,-24.38730686639117,-2.6576724433968697
697,-23.343318512466116,-2.505067532252801
698,-22.510257981905664,-2.475693402522695
699,-21.395564006818493,-2.3779022969229517
700,-20.736964075771947,-2.196607795338011
701,-5.44234143956676,-8.376160944679322
702,-4.477716676144549,-8.316614673737881
703,-3.5562619115846545,-8.161372733670703
704,-2.76933217317023,-7.97689496247081
705,-1.2708688187420638,-7.384951126639577
706,-0.11319008607804149,-6.834613186790879
707,5.870602896033626,-1.6424240355070765
708,6.765134682294813,-0.7944235745953899
709,7.66899696215925,0.0031068567650393737
710,8.394621072634969,1.0705729460542404
711,11.867779558946035,13.890216414542978
712,12.228078748487095,14.510064254950066
713,13.066131957972477,15.80177088640472
714,13.698967974528893,16.467934307681567
715,15.325356117418991,17.53397847235573
716,16.602563888100036,18.043578484739182
717,19.315470424487614,18.87261072487275
718,19.77510251102331,19.006123834506784
719,27.03968956324428,15.605708023588596
720,-28.85081283393899,-2.9951307693554066
721,-28.321714802075775,-2.3703919118320878
722,-27.74122763812791,-2.350922955654696
723,-26.991703181117348,-2.1543052886336533
724,-26.2269710304753,-2.240233689288012
725,-25.27696691352834,-2.197661042198784
726,-24.350050121529076,-2.1281510225978924
727,-23.288817125663094,-2.093431791721011
728,-22.53670745344912,-1.96395039751041
729,-21.618237534370692,-1.4765178320858512
730,-20.8158044086844,-1.3395749840267202
731,-5.750467543277972,-8.329835950435296
732,-4.472876469310706,-8.148964133554786
733,-3.51207212613467,-8.08860348763729
734,-2.5997740489932637,-7.819908253682795
735,-1.1160549141529732,-7.2766654048567805
736,0.06557737576964892,-6.671754213963256
737,5.884466325341894,-1.5026654459773907
738,6.828257433185781,-0.6226657909964644
739,7.782226349236737,0.26648795673819936
740,8.551510094136201,1.4154750109243694
741,11.908803411027934,14.278076068903923
742,12.344369626860717,14.86980597772515
743,13.299147202079876,15.798685847107762
744,14.252505618820047,16.49015079857062
745,15.943992609110358,17.702673865894475
746,18.065729348201987,18.318321134643007
747,20.039610841705425,18.85437438660839
748,20.364454403162398,18.92701303764168
749,26.778040750822466,15.695173428129566
750,-18.638865751306827,-7.9810996899595015
751,-18.46849714274488,-8.212450303496158
752,-18.049413446587195,-8.704002520360032
753,-17.672195069948767,-8.965927524543918
754,-17.408065280691574,-9.09688372589357
755,-16.7739428652745,-8.779787106191133
756,-16.304653285143782,-8.588811589089676
757,-15.667266589210884,-8.57883783442657
758,-15.21283805757433,-8.4855954399155
759,-14.787311990093139,-8.311871137453188
760,-14.258071757603814,-8.125495477949219
761,-13.623360400520683,-7.898463496423967
762,-12.986214308420085,-7.6995883795108275
763,-12.590924883631029,-7.6107717963831965
764,-12.061971094821839,-7.522153528834518
765,1.231064419094267,-3.425378391283036
766,1.617079606068318,-3.112784853983841
767,2.42424547508231,-2.298767023879157
768,2.8604769700765234,-1.737673590675288
769,3.238438632355078,-1.1224745522949027
770,3.399699909691261,-0.7687672980765036
771,14.90620462810824,12.917638327078889
772,15.679986381608742,13.092983083943404
773,15.887245166944902,13.194556980898207
774,16.41534367635356,13.400398585501952
775,18.86431896424635,14.772429130299397
776,19.795730052264453,15.11122006636602
777,25.207383104646297,16.837328593004813
778,25.967277498539087,16.57617161236879
779,26.524027107548502,16.494168617420627
780,-18.590534950514144,-7.5883825222030055
781,-18.389867328507307,-7.492274314525796
782,-18.045576755041957,-7.205726696956005
783,-17.025488420121437,-5.539548455549481
784,-16.867712395801284,-5.384765514146503
785,-16.563910564937334,-6.054996071217301
786,-16.350943742309198,-6.381135947689749
787,-15.957050783744366,-5.790078994270359
788,-15.59568581409586,-5.4733442924570035
789,-15.358886052571505,-5.040593305776017
790,-14.955153068845776,-5.255535447686502
791,-14.438944317453561,-5.244470289288526
792,-14.053849464724935,-5.142502902263526
793,-13.696378567550429,-4.76626904811744
794,-13.266617494291449,-4.793123629608547
795,-12.812187750677824,-4.689320578534892
796,-0.7135092728950253,-1.7109649277742929
797,-0.21801684577890756,-1.421913267939387
798,0.17211425578577477,-1.1148628784862185
799,0.5499377904566608,-0.7585923744560463
800,0.8055377425002583,-0.5064281369579557
801,16.890141587958084,11.488872935296188
802,17.042247184069776,11.708692191977853
803,17.42644400890004,12.223108799437579
804,17.826663421354258,12.637242599771424
805,18.645966500121595,13.483565395040172
806,19.07229464065146,13.829187788058274
807,23.450013731705468,17.28211594749625
808,23.93863626352563,17.408221397902796
809,24.328560935783305,17.611033692662932
810,-18.68961254288706,-14.221080638045581
811,-18.525539159996967,-14.055337097805397
812,-18.266049613963027,-13.798667275526514
813,-17.991839090202912,-13.5121450662262
814,-17.397876029668737,-12.970295914996125
815,-17.07752438081335,-12.699288078076002
816,-16.553594613610574,-12.308105533671702
817,-9.141850157273913,-6.247967033534023
818,-8.76755933013472,-6.013592199839907
819,-8.443234995158656,-5.8289542873263835
820,-7.717495096018233,-5.428338692561991
821,-7.035550516191018,-5.096553402781641
822,-6.2602347188470215,-4.735953759410382
823,-5.653265139892494,-4.455693469360916
824,-5.056869363331477,-4.174773387154986
825,-4.252264242873024,-3.762642919955562
826,-3.7944397518398603,-3.497199588297427
827,3.4888799146940106,3.2043992130602397
828,4.114062151068091,3.4930114158566816
829,4.446231827689223,3.6956969623928226
830,12.760760793926961,7.213744884367101
831,13.444605121590554,7.674743941385889
832,13.992889938704188,8.071796998010468
833,14.578494694410365,8.51218519288895
834,15.021939513668134,8.856578832502322
835,21.30514952289644,12.777985931824372
836,21.909583756390468,13.117434437636065
837,22.445531597937112,13.481689422725122
838,23.664561008257976,14.454467962066847
839,24.129317442474637,14.850349112490974
840,-28.953123738269653,0.9492328700455259
841,-28.710200344093483,0.9305606660403851
842,-28.165203015219983,1.007348858835797
843,-27.33626754143827,1.23591291786832
844,-26.65214573636564,1.3122771178778605
845,-25.86077020551908,1.4420506578035661
846,-24.557773713776108,1.7774301216011092
847,-23.833170130160934,1.9117209962501027
848,-23.090674446648897,2.0316724035624567
849,-22.347398442929652,2.1751255656774666
850,-21.730896790347153,2.2503706561103867
851,-14.8180700078277,10.179626174061841
852,-14.035254717823522,10.981690745647436
853,-13.260983630181034,11.570403104362375
854,-12.539175753685493,12.12879002133941
855,-11.333238403542305,13.097684532478285
856,-10.383144087386519,13.650130696892695
857,5.495442887238996,0.20313542496625264
858,6.2973917203045655,0.7982893854880779
859,6.903636714231843,1.435063858012034
860,7.729568032759127,2.573518252581257
861,11.082400311431785,16.358097752370014
862,11.537210544978445,16.745506906815656
863,12.226585040819987,17.31706732768832
864,13.296885485988389,18.09729713870302
865,14.085263494788334,18.568267666716345
866,16.358102507049363,19.71717143106081
867,17.621486129353233,20.258456347153093
868,19.260930851322357,21.65661729357655
869,20.418505449884627,22.909904431449387
870,-8.08064904358277,0.24832247608485672
871,-7.903286602580477,0.34717589032662477
872,-7.7198296647543,0.44765068907242583
873,-7.195994950551475,0.8113689756914044
874,-6.998772165677367,0.9360068779690579
875,-6.72346356809358,1.1030668536786725
876,-6.342804780361959,1.358746014648043
877,-5.953875128955525,1.6661374405347673
878,-5.6170268656729805,1.9236620392811972
879,-5.349147669643042,2.1490627768508146
880,-4.993686592922381,2.466783789523099
881,-4.528452789755878,2.885570265909352
882,-4.0454633164569245,3.3222682948803364
883,-3.6405459303172787,3.693314569070658
884,-3.2966816230625366,4.010403694028278
885,-2.721756697802998,4.537867417069539
886,-2.077414323484764,5.092624177602086
887,-0.7173390003402786,6.120217608238734
888,0.01383610165352771,6.577439626729324
889,0.6453972119531297,6.899788319312311
890,1.5057922695802923,7.2785228125933035
891,3.6402714951028816,7.988724098116919
892,4.093773302341945,8.129988375006228
893,4.729524778613347,8.306177624729472
894,5.300452618543524,8.491501607847361
895,5.895339099475115,8.637250254983162
896,6.610994058273951,8.860029419754772
897,8.106199696534459,9.37095957373376
898,8.508242494754175,9.482253075581106
899,9.04055891903257,9.617779092077335
900,-29.137410679531765,2.575239109934175
901,-28.790763261812245,2.5500515737031355
902,-28.227755256443444,2.5754096411775684
903,-27.47865838764117,2.487135588572836
904,-26.731545092284236,2.5166504289810083
905,-25.909361242771915,2.643244150575068
906,-25.14673792821541,2.8182021146128355
907,-24.064723353091978,2.9451538041861505
908,-23.230527090741546,3.1181872563643958
909,-22.37801611537851,3.2791374528947785
910,-16.041213348757577,10.906121834398158
911,-15.585165240059252,11.261321863171586
912,-14.666401377303592,12.260916894282504
913,-13.975776409772722,13.037963844925546
914,-13.414288706731439,13.33526552815691
915,-11.403627877600771,14.625744108866495
916,-10.51265084282555,15.085723960634098
917,-7.157886179357421,17.516892199227843
918,-2.6778482989192423,18.862549666155076
919,-2.0537508787838443,19.19348317714132
920,-0.23148060443602128,19.67583762827019
921,10.180913058323378,17.619468740340157
922,10.646906640865526,17.788708427179316
923,11.601181182853646,18.312167061294428
924,12.497241077352847,18.734023176224117
925,14.25774410595262,19.7076281692117
926,15.945042241752695,20.406141073227584
927,18.467337458467583,21.63785020439076
928,19.21294506474677,22.61727035790707
929,20.15429548390488,23.37876975766903
930,-13.460250805885906,1.3563271979155687
931,-13.16152510487099,1.3898638287359175
932,-12.670596440398167,1.4079352607663542
933,-12.190079754661236,1.5603394493359448
934,-11.74908033640206,1.7422314304463684
935,-11.19283986242101,2.222248846254553
936,-10.692002554526633,2.556244148642188
937,-10.016981163268039,3.140752069503914
938,-9.4768214584419,3.4727475057453527
939,-8.999058722594583,3.7923433014335997
940,-8.351086545732882,4.3104234745771395
941,-7.557199715910329,4.833549038723405
942,-6.861128005256338,5.338945371472863
943,-6.185518710306515,5.702936934541845
944,-5.5244700588375135,6.03555666795228
945,-4.674069664508099,6.581801804553584
946,-3.8582655264195886,7.177096224615016
947,-2.750934865521002,8.726791533828882
948,-1.9870072632111475,9.366587847489708
949,-1.2636052915403413,9.807120520474015
950,0.03025333073788443,10.435315752265334
951,1.0620497583714772,11.002035393007732
952,1.6033409971210528,11.36990808235021
953,2.3315251359415203,11.70815684366076
954,3.048426673251859,11.972385506013946
955,3.8353897771223657,12.173302230689211
956,5.053405509202068,12.301243508351881
957,6.581082611365743,12.478761431982091
958,6.9956995871621634,12.46719866382398
959,8.061181108588462,12.07657906474772
960,-29.42038792938784,4.971445491063793
961,-29.16418655348099,5.066447720938011
962,-28.63725858368911,5.284736495207175
963,-28.075687946110467,5.501820587480374
964,-27.41241055731917,5.745809031475215
965,-26.53716602304426,6.099972062991695
966,-24.639507065491888,7.030792372104949
967,-23.739664883867864,7.531163011330072
968,-20.594475175277317,9.993678825151548
969,-20.02769641962402,10.511424135866871
970,-19.337655005074577,10.99011059125471
971,-17.03248437400639,12.826005447022588
972,-15.512925612674627,14.090754198866678
973,-14.476808888714903,14.968772273378109
974,-13.80167616548401,15.452303618309534
975,-12.059586111698497,16.416195035806524
976,-10.742021197561984,17.03978661303352
977,-5.903754441456955,19.20686018923721
978,-4.022275759415205,19.705003406862556
979,-3.390161390218148,19.824240529852165
980,0.8264796911018442,21.025408691395725
981,3.884511364896024,20.72042950514399
982,5.102527158620327,20.52294290526415
983,6.633379434588941,20.279672409454378
984,11.17523033438207,20.794000627252153
985,12.325147468975185,21.017200634441956
986,13.753176349794972,21.229797924663906
987,17.259651249780546,22.17861154721849
988,17.502582542440056,22.355635928123604
989,19.626165347483507,23.87827414158842
990,-13.617245106115819,2.181717633198585
991,-13.323717877047923,2.5993979299634375
992,-12.922799358475176,2.7001684212176933
993,-12.425460888655696,2.8179671000640742
994,-11.974078974187723,2.9449856337954783
995,-11.377298480771609,3.574355291372215
996,-10.894658546925344,3.8566561776988872
997,-10.352868988984646,4.3600061595954065
998,-9.754438305114954,4.772533329934799
999,-9.270433898657899,4.986884624698406
1000,-8.671760357894875,5.353312053535048
1001,-7.8510790908387245,5.711362302304041
1002,-7.061911177739498,6.2050604716473945
1003,-6.2528270512908835,6.712038408790222
1004,-5.592116998100096,7.032198550972657
1005,-4.736925145706118,7.406373187053674
1006,-3.653402685918973,7.886808933712473
1007,-2.4020636613084667,8.457910366171522
1008,-1.2719951766838193,9.117296164664774
1009,-0.5964986542944013,9.586306801511299
1010,0.49114527261295565,10.139338967519606
1011,1.9480922369322429,10.700258844084905
1012,2.5604233418230593,11.000408153964953
1013,3.090936768668808,11.236820319943142
1014,4.017161910339529,11.46405211809027
1015,4.7319753897507635,11.742530944187658
1016,5.893845161770307,11.939803047839572
1017,7.081524777723171,11.910437383970038
1018,7.652997550776133,11.884683705344427
1019,8.627417094698474,11.369357392459902
1020,-31.709109352329175,6.154049038592007
1021,-31.71433225731654,6.383932369235888
1022,-31.714676580706218,6.768902443900161
1023,-32.15593217673947,7.143966176626242
1024,-32.4616962475912,7.491515075625206
1025,-32.57143597066648,7.669277913626397
1026,-23.217340504746925,9.049113746176667
1027,-22.04975149552002,9.713978996531884
1028,-21.6729754957615,10.035724149694659
1029,-18.86247756923121,12.211206729328751
1030,-18.333699963015803,12.648517730910847
1031,-17.001500169481993,13.776707225995331
1032,-15.468536451419121,15.051764695620196
1033,-13.540645279783707,16.47332739013754
1034,-13.106176475288928,16.694134088570422
1035,-11.989417982700258,17.168799340310006
1036,-10.073382590910677,17.873420784084537
1037,-5.159302723945003,19.43453962597915
1038,-2.9682168403825626,20.560215605728377
1039,-1.809718014081283,20.806573439888965
1040,2.334869298364156,21.013241445862587
1041,7.770057725792029,20.7490289226242
1042,8.377909673829164,20.925673823715975
1043,8.81434729626522,21.065472742189666
1044,11.21606408257561,23.279813492730735
1045,12.046363977477151,23.86359277010683
1046,15.32781511020237,24.75797485796252
1047,18.18062085816323,24.91268358427394
1048,19.456272365815202,25.183952084192963
1049,20.218188359672627,25.630103061591328
1050,-30.1013725935757,9.532965880546561
1051,-29.848017657669335,9.477880261394388
1052,-29.22417183590517,9.365032100799594
1053,-28.47033761630756,9.249011243860478
1054,-27.586528198433406,9.205970661478805
1055,-26.68807882161578,9.268651770744889
1056,-25.07071801639515,9.514291924652428
1057,-24.417100004992548,9.68042535765299
1058,-21.491029716576698,11.272611007559966
1059,-20.747060702280397,11.677211034677725
1060,-19.972549326625575,12.154145183284854
1061,-17.84044307215811,13.797860202663445
1062,-16.574761843566062,14.70922160593809
1063,-15.200599478682186,15.981907645000016
1064,-14.667248552269164,16.442709031991825
1065,-12.766360922396288,17.455969136606377
1066,-11.211232321742571,17.97079573555885
1067,-6.894074044840406,19.845975589463738
1068,-5.456229672425742,20.53318094840361
1069,-4.607210883456619,20.830805404846338
1070,0.29408052750969227,21.97924864854211
1071,2.494906964471786,22.11484936669035
1072,3.103014167457494,22.02987683996062
1073,5.7776253991348545,21.14099750424952
1074,6.613140312957915,21.159778333236655
1075,9.942490392825263,21.82262464758773
1076,11.384368270125501,22.488457738691714
1077,14.166926741198296,25.02114946113714
1078,14.415089788804817,25.145077841938352
1079,18.486755805908878,25.770205206471932
1080,-29.920223156105077,8.036845075702393
1081,-29.52583540172791,8.162649576220018
1082,-28.97160401798863,8.15847985297391
1083,-28.27186612096129,8.174060171524713
1084,-27.49884062725585,8.272297435623388
1085,-26.055253099050844,8.683750605888067
1086,-25.486045251243,8.9040679374342
1087,-23.759181788738918,10.705716669325597
1088,-23.247100288144647,11.048116317103766
1089,-22.59586526808877,11.545614510141204
1090,-20.348238867725108,13.719860458172084
1091,-19.529960692688157,14.237550977474388
1092,-17.53370546029529,15.570111231102402
1093,-16.937124131610773,15.956767222046183
1094,-16.450521597806443,16.347535933379053
1095,-12.264878462145079,18.67881592962967
1096,-11.33012556900365,18.945992085272678
1097,-8.41616738230172,19.50569989121326
1098,-3.8292533488730824,21.523813183629628
1099,-2.7402372351602824,21.672323773023468
1100,-1.3110350085386,21.87438540208524
1101,4.248611486397272,22.14353771138876
1102,4.580833585536179,22.13828788007633
1103,8.899396210900335,22.78602535250369
1104,9.293886457672883,22.881088618570676
1105,12.774157815225811,22.678115504087984
1106,13.360800064283218,22.97922336742915
1107,16.256469752233972,24.4363350425735
1108,16.65275989674975,24.559423004101767
1109,18.851120711076543,24.962718560651574
1110,-31.238734043976997,11.71088235531482
1111,-30.850256982342266,11.720353412063393
1112,-30.340381334226688,12.013608850831272
1113,-29.67819066238331,12.370677762627798
1114,-28.936360788180913,12.762363982546644
1115,-27.83398678392253,13.174293954004218
1116,-27.10369095570936,13.400354188133246
1117,-24.469727466856146,14.464645484566239
1118,-23.627414097154826,14.728687508640988
1119,-22.878918397613813,14.935715343313118
1120,-22.271535165582605,15.201502876292693
1121,-21.375279615767973,15.755733856608176
1122,-17.0823171242708,17.80604473801065
1123,-16.3519371855778,18.173877666113025
1124,-15.731056469761636,18.519057765093976
1125,-14.703293129133774,18.992909882227213
1126,-10.872501161585266,20.33720994667969
1127,-7.844554819859405,20.97482723838762
1128,-6.534580787299604,21.423440187613835
1129,-5.7507026059432995,21.676280552634797
1130,0.4328921244299605,23.153819021706322
1131,1.9540943492297425,23.669511382672873
1132,2.491595177867886,23.911362618773225
1133,4.117022429491624,26.18961336345022
1134,4.697590405344227,26.58710561527708
1135,8.660737694062728,26.758874121648915
1136,9.600663005027116,26.895619736468436
1137,13.76296842766362,27.58447375123586
1138,14.012779408479556,27.66044043847193
1139,16.447581622739342,28.6856162162437
1140,-14.233090322939674,3.5346234461448773
1141,-14.041097092187105,3.6716652055418644
1142,-13.655536506535848,3.7091913451530942
1143,-13.16697777084227,4.273156160323838
1144,-12.734749409630762,4.447426391319755
1145,-12.239825941192032,4.689139898863963
1146,-11.737154872490303,4.889088889826649
1147,-11.007765936596767,5.351943553035563
1148,-10.409009359251053,5.726581857196752
1149,-9.807510118946029,6.035006029749027
1150,-9.200114263667551,6.268573940488643
1151,-8.302882522564369,6.677348388596429
1152,-7.415509131761243,7.119385338492594
1153,-6.662476018609138,7.503015768936379
1154,-5.991075403165544,7.779276053012072
1155,-5.015596169039623,8.117934415115709
1156,-4.012135949964788,8.3539593718279
1157,-1.6739850184625236,8.004667535187124
1158,-0.5946737942808161,8.324048612585784
1159,0.32272363489374933,8.611646187441961
1160,1.236158489838537,8.882055296622397
1161,2.527751948540913,9.240275948484976
1162,3.205146968828408,9.418172620879393
1163,3.672900655232151,9.557490384691054
1164,4.485763547176939,9.825975191136735
1165,5.341535511995836,10.029814576012335
1166,6.215980961467309,10.18151441541875
1167,6.868925192673479,10.249183337085386
1168,8.06684812086692,10.249766941450991
1169,8.532117593753132,10.257264014374984
1170,-28.782242492036776,10.71450009275479
1171,-28.288628105128687,10.861859735432938
1172,-27.957066205299938,10.927669540061427
1173,-27.45415881677678,11.044604982068869
1174,-26.945372146598107,11.206062719090552
1175,-26.259137026339218,11.455976336164325
1176,-25.684345750942683,11.71757735359133
1177,-25.05883885677286,12.051469867586645
1178,-24.489713885914714,12.370484406185756
1179,-24.005818119229257,12.656993108503688
1180,-23.454773915951694,12.976172191271374
1181,-20.116813830269724,15.692253393382428
1182,-19.534860963644398,16.184767643237944
1183,-19.039123243892544,16.56429497038291
1184,-18.680998311150613,16.823116126687687
1185,-12.985840330970925,20.245407350827737
1186,-12.50224478363118,20.538585952449697
1187,-6.70694050372745,25.885768825797737
1188,-6.023027252465678,25.985039645014524
1189,-5.28392562541406,26.223547668227923
1190,-4.499196272514589,26.483680302842487
1191,6.396918598326161,22.841248765828283
1192,6.875528329863316,22.89074360513573
1193,7.494975348518373,22.889700913909085
1194,7.945609125104849,22.929918626783024
1195,13.946753416332093,22.763997206145472
1196,14.371781085825663,22.946169621254228
1197,16.051474341213467,23.27554681491648
1198,16.50414547784598,23.406649139433775
1199,18.37536091755766,24.00312100902454
1200,-32.6723224394283,18.03807950167938
1201,-32.273716031291414,18.091569128347075
1202,-31.664971699422495,18.189593499023598
1203,-30.83419325113086,18.711347067537222
1204,-30.170236951522124,18.968522137684186
1205,-29.26904948868099,19.442562346625127
1206,-28.563784096743298,19.808631793851124
1207,-26.952816833881123,20.061079077358897
1208,-26.38293094086627,20.312342955573772
1209,-24.44568515106754,21.535983355611084
1210,-23.381960704410268,22.096058196264977
1211,-21.228085965205892,22.772234776280587
1212,-20.23927996019815,23.029022618695777
1213,-18.088880716465283,23.40935697861956
1214,-17.542326397250974,23.498638335402354
1215,-16.441199004995774,23.629796616105853
1216,-15.487366153480489,23.810227323454125
1217,-4.535541088005394,23.04049985351776
1218,-3.858826254871078,23.173477968591783
1219,-2.7388473058150713,23.38250651132113
1220,-1.9488753156684122,23.37052006845571
1221,4.621893383408643,23.420019406450102
1222,4.977264965440835,23.455198206728237
1223,7.904267319191713,24.184045668343092
1224,8.89070869139061,24.355615087707967
1225,11.180061679637465,24.649737596401284
1226,12.665972584976933,25.014540452509237
1227,15.894832622747602,25.567483733353047
1228,17.67409682218453,25.914692056425096
1229,18.9344694729698,26.288982869973562
1230,-31.760416575940546,13.330840775722784
1231,-31.23674906667429,13.465558018118013
1232,-30.582031266915354,13.6220194357281
1233,-29.8243914591407,13.927922765229521
1234,-28.96575825286155,14.288137259990481
1235,-27.978773032580534,14.686553151916394
1236,-27.16968919346859,15.029740501553587
1237,-26.416278918980428,15.394367521475186
1238,-23.578147882560874,18.51704231050726
1239,-22.797674607689988,19.015843460604906
1240,-22.171496278143074,19.4386367551944
1241,-21.405780440094862,19.98818698210108
1242,-20.79337753313442,20.298921423307196
1243,-15.908140291976663,21.113920684308734
1244,-15.555735076578667,21.207916155322156
1245,-14.95486489687152,21.397887837316823
1246,-14.080536973112414,21.695760082998767
1247,-7.950455986276626,22.01548302964837
1248,-7.202789397213134,22.258881330192718
1249,-6.673697580825606,22.478251444357443
1250,0.3716356271268581,26.44827296230137
1251,2.037986654995492,26.945434658625903
1252,2.968270180580417,27.28369845412832
1253,4.226890556324552,27.927724675987175
1254,5.029101226904296,28.407227272638618
1255,6.074918781578656,28.96496346642888
1256,6.850735412627994,29.30705108859291
1257,14.049400571664334,28.930115604007064
1258,14.405823593757427,28.93241002046703
1259,16.427851757441463,28.962790584883027
1260,-32.09131377238961,15.044954162635952
1261,-31.58778774433524,15.205623164017885
1262,-30.96522501317382,15.395809739930575
1263,-30.09320375786391,15.686370485230775
1264,-28.972641698942283,16.082913630807855
1265,-27.96000374940035,16.37960254352011
1266,-26.493478361885803,16.58239280804912
1267,-25.37005594816391,16.467738882822825
1268,-24.57213172273851,16.515895547212775
1269,-23.419857995180735,16.558806944292616
1270,-22.66549080820345,16.829278557340185
1271,-20.316699324752346,18.057344367176864
1272,-18.9339420634572,18.68111922085494
1273,-18.10930376161536,19.037199333544134
1274,-17.33997347106221,19.404736533375825
1275,-11.739232298272102,22.558632627878097
1276,-10.554035833048015,23.12947039694695
1277,-8.651405826907038,23.774014519946995
1278,-7.4133161755187995,23.920080331029194
1279,0.6514895081432029,25.35513799211202
1280,2.0047367045484346,25.511871774169567
1281,6.235996990980611,26.961224824222025
1282,7.27444549462266,27.400852582817652
1283,8.35373078689639,27.902641736838486
1284,10.002265051533856,28.144849834604827
1285,12.128666096781211,28.118377430654924
1286,15.379256209521724,28.058821598797596
1287,17.244422542789593,28.286441794665674
1288,17.70899738360766,28.363519683101945
1289,18.966668632922797,28.120687817810012
1290,-32.440707658669105,16.247759713131995
1291,-31.977923906951734,16.34298850888005
1292,-31.417567627784685,16.638948179550756
1293,-30.73197209930007,16.958622210909734
1294,-29.953923858246217,17.39298846134011
1295,-29.060240988719222,17.946122931197554
1296,-28.013628006031656,18.195440579530594
1297,-27.276018413297518,18.581262170508637
1298,-25.763870726507363,19.120864240395996
1299,-25.17956229576802,19.570301420774395
1300,-24.553900922185353,19.86224718253891
1301,-23.29691449884905,20.413260824973584
1302,-19.602688134754864,21.14767436248434
1303,-18.821368830968005,21.40086924842399
1304,-18.137160495266972,21.574228222096902
1305,-17.393274661402135,21.679835209758863
1306,-10.554433045203094,21.72805091912821
1307,-9.437950570309722,22.12360737634539
1308,-6.227534498888671,23.771821859984396
1309,-5.656400634700401,23.981359115227963
1310,-0.24841210077813997,24.319161900980088
1311,3.717458812056666,24.783956357909435
1312,4.508694907108256,24.97375449281472
1313,5.422447669563665,25.147696551587973
1314,7.227857017044301,25.372093126308695
1315,8.785902000811005,25.47605064265644
1316,10.425855742201033,25.879695037684524
1317,13.296910325677235,26.15050929576988
1318,13.73469360420567,26.200548556413587
1319,16.639569653379365,26.278216735833947
1320,-31.984210040443607,14.214660016026775
1321,-31.43783843346407,14.49319435445879
1322,-30.720155802545555,14.683801394231011
1323,-29.70024497146778,15.212973185034022
1324,-28.93324286238934,15.527314145817154
1325,-27.90026349914948,15.96801350449969
1326,-27.146703479210927,16.332517741423167
1327,-25.341842710572223,17.089336300761367
1328,-24.54482521340911,17.248715004813384
1329,-23.66238548279199,17.502277497571544
1330,-22.401319793024825,17.751501353661997
1331,-20.36282289538872,18.692390814135152
1332,-19.123964267837327,19.320613958079637
1333,-18.172951003823556,19.719374366034113
1334,-17.366162716261275,19.993086547582546
1335,-12.175025937370847,22.61106453211769
1336,-10.883680517738556,23.00370585573217
1337,-8.626015513862756,23.475888432096998
1338,-7.510361760406765,23.719141434459118
1339,0.0115114114349867,25.40724787656706
1340,2.1257047278058776,25.523733948558785
1341,5.828697126184916,26.791583218341867
1342,6.736761100892553,27.135209015368204
1343,7.595719521965412,27.49488221000987
1344,9.144862177032111,28.003159957445785
1345,11.48622387779444,27.99640186319332
1346,12.73993917389319,28.062465219012523
1347,16.581480807243263,27.739518191632786
1348,17.217760774979787,27.74273425375764
1349,18.823234991730743,27.823593473341983
1350,-32.66564570693165,19.008346816227803
1351,-32.2062326823123,19.39537242895884
1352,-31.800092408141598,19.70832822902785
1353,-31.19972500293502,19.957440770376625
1354,-30.54029519108816,20.29587051020325
1355,-29.49929842107196,20.66727007414161
1356,-28.61335861377092,20.908385808201647
1357,-27.502545687992768,21.198274679818052
1358,-26.575328581672945,21.45708819883896
1359,-25.388336201663243,21.946781092622423
1360,-24.358187657804493,22.363170033510517
1361,-22.3690254360411,22.821518297155198
1362,-19.37211830454224,23.70959936179306
1363,-18.680949674555997,23.91408792312919
1364,-17.82725919792969,24.167485936088518
1365,-16.520458356097837,24.350212129666755
1366,-15.60221531281213,24.601614378999038
1367,-4.208506133845506,24.031122956054556
1368,-3.61201374038729,24.063474492116825
1369,-2.9011749432921565,24.065792842967138
1370,-1.9113924819781687,24.133075251287014
1371,5.098280500914473,24.1306969600534
1372,5.604605431555109,24.24454168358874
1373,6.808523102846879,24.592533322711883
1374,7.992031086542792,24.900301538081738
1375,10.369296374135692,25.100670978478206
1376,11.40128763255469,25.451068427984765
1377,15.239913129441172,26.273840033745543
1378,15.527130024756026,26.317292544467005
1379,17.92840129814376,26.45656476053887
